URL_fiche;Nom_Place;Coordonnees;Adresse_Complete;Type_Place;Note_Avis;Services
https://park4night.com/fr/place/225996;(29217) Plougonvelin - 21 Rue Saint-Jean;48.3422, -4.7231;21 Rue Saint-Jean, 29217 Plougonvelin,,  France;#225996 - SERVICES D'APPOINT;2.17/5;Laverie, Dépannage en gaz
https://park4night.com/fr/place/2309;(29217) Aire de camping-cars de Plougonvelin;48.3379, -4.7074;Rue de Bertheaume, 29217 Plougonvelin,,  France;#2309 - AIRE CC STAT. PAYANT;4.03/5;Animaux autorisés, Eau potable, Eaux noires, Eaux usées, Poubelle, Toilettes, Douches (accès possible), Boulangerie, Électricité (accès possible), Internet 3G/4G, Monuments à visiter, Pistes/balades de VTT, Départ de randonnées, Canoë/kayak (Base de), Baignade possible, Point de vue
https://park4night.com/fr/place/386860;(29217) Plougonvelin - 6016 Rue de Kerouanen;48.3473, -4.7048;6016 Rue de Kerouanen, 29217 Plougonvelin,,  France;#386860 - PARKING JOUR ET NUIT;2.67/5;Animaux autorisés, Windsurf/kitesurf (Spots de), Baignade possible
https://park4night.com/fr/place/91807;(29217) Camping Keryel;48.3453, -4.7424;64 Kerviny, 29217 Plougonvelin,,  France;#91807 - CAMPING;4.18/5;Eau potable, Eaux noires, Eaux usées, Poubelle, Toilettes, Douches (accès possible), Électricité (accès possible), Internet 3G/4G, Monuments à visiter, Windsurf/kitesurf (Spots de), Pistes/balades de VTT, Départ de randonnées, Canoë/kayak (Base de), Coins de pêche, Pêche à pied, Baignade possible, Point de vue
https://park4night.com/fr/place/537909;(29217) Plougonvelin - 28 Boulevard de la Mer;48.3503, -4.7005;28 Boulevard de la Mer, 29217 Plougonvelin,,  France;#537909 - PARKING JOUR ET NUIT;4/5;Monuments à visiter, Canoë/kayak (Base de), Coins de pêche, Pêche à pied, Baignade possible, Aire de jeux
https://park4night.com/fr/place/626121;(29217) Plougonvelin - Place des FFI;48.3547, -4.6883;Place des FFI, 29217 Plougonvelin,,  France;#626121 - PARKING JOUR ET NUIT;4/5;Pistes/balades de VTT, Départ de randonnées, Coins de pêche, Pêche à pied, Baignade possible, Point de vue
https://park4night.com/fr/place/54863;(29217) Le Conquet - 47-115 Lochrist;48.3450, -4.7616;47-115 Lochrist, 29217 Le Conquet,,  France;#54863 - PARKING JOUR ET NUIT;5/5;Toilettes, Monuments à visiter, Baignade possible
https://park4night.com/fr/place/612719;(29280) Locmaria-Plouzané - 22 Rue de Porsmilin;48.3578, -4.6780;22 Rue de Porsmilin, 29280 Locmaria-Plouzané,,  France;#612719 - PARKING JOUR ET NUIT;Non trouvé / Non noté;Animaux autorisés, Eau potable, Poubelle, Toilettes, Départ de randonnées, Baignade possible, Point de vue
https://park4night.com/fr/place/36565;(29217) Le Conquet - 73 Route Touristique;48.3483, -4.7699;73 Route Touristique, 29217 Le Conquet,,  France;#36565 - PARKING JOUR ET NUIT;4.02/5;Animaux autorisés, Pêche à pied, Baignade possible
https://park4night.com/fr/place/203155;(29280) Locmaria-Plouzané - 25 Boulevard de l'Océan;48.3549, -4.6736;25 Boulevard de l'Océan, 29280 Locmaria-Plouzané,,  France;#203155 - PARKING JOUR ET NUIT;3.71/5;Toilettes, Internet 3G/4G, Coins de pêche, Baignade possible, Point de vue
https://park4night.com/fr/place/10564;(29217) Le Conquet - 96-98 Route Touristique;48.3435, -4.7713;96-98 Route Touristique, 29217 Le Conquet,,  France;#10564 - PARKING JOUR ET NUIT;4.24/5;Poubelle, Monuments à visiter, Pistes/balades de VTT, Départ de randonnées, Coins de pêche, Pêche à pied, Baignade possible, Point de vue
https://park4night.com/fr/place/3681;(29280) Locmaria-Plouzané - 5 Rue de Portez;48.3551, -4.6720;5 Rue de Portez, 29280 Locmaria-Plouzané,,  France;#3681 - AIRE CC STAT. PAYANT;3.87/5;Eau potable, Eaux noires, Eaux usées, Douches (accès possible), Laverie, Internet 3G/4G, Pistes/balades de VTT, Départ de randonnées, Baignade possible, Point de vue
https://park4night.com/fr/place/119909;(29280) Camping Municipal de la Plage de Portez;48.3561, -4.6716;Rue de Portez, 29280 Locmaria-Plouzané,,  France;#119909 - CAMPING;4.26/5;Animaux autorisés, Eau potable, Poubelle, Toilettes, Douches (accès possible), Boulangerie, Électricité (accès possible), Accès internet par WiFi, Laverie, Baignade possible, Aire de jeux
https://park4night.com/fr/place/102745;(29280) Locmaria-Plouzané - Route de Trégana;48.3531, -4.6680;Route de Trégana, 29280 Locmaria-Plouzané,,  France;#102745 - PARKING JOUR ET NUIT;4.24/5;
https://park4night.com/fr/place/17623;(29217) Camping Les Blancs Sablons;48.3674, -4.7598;13 Route de la Presqu'île Kermorvan, 29217 Le Conquet,,  France;#17623 - CAMPING;3.41/5;Animaux autorisés, Eau potable, Poubelle, Toilettes, Douches (accès possible), Électricité (accès possible), Accès internet par WiFi, Laverie, Pistes/balades de VTT, Départ de randonnées, Canoë/kayak (Base de), Pêche à pied, Baignade possible
https://park4night.com/fr/place/493284;(29217) Le Conquet - 8A Rue de la Fontaine;48.3618, -4.7675;8A Rue de la Fontaine, 29217 Le Conquet,,  France;#493284 - SERVICES D'APPOINT;2/5;Eau potable
https://park4night.com/fr/place/549351;(29217) Le Conquet -;48.3707, -4.7546;, 29217 Le Conquet,,  France;#549351 - PARKING JOUR ET NUIT;3.5/5;Poubelle, Windsurf/kitesurf (Spots de), Départ de randonnées, Baignade possible
https://park4night.com/fr/place/2295;(29217) Le Conquet - 17 Rue Général Leclerc;48.3606, -4.7699;17 Rue Général Leclerc, 29217 Le Conquet,,  France;#2295 - AIRE CC STAT. GRATUIT;3.5/5;Animaux autorisés, Eau potable, Eaux noires, Eaux usées, Poubelle, Toilettes, Accès internet par WiFi, Monuments à visiter, Windsurf/kitesurf (Spots de), Pistes/balades de VTT, Départ de randonnées, Aire de jeux
https://park4night.com/fr/place/493297;(29217) Le Conquet - 2 Place Charles Minguy;48.3594, -4.7715;2 Place Charles Minguy, 29217 Le Conquet,,  France;#493297 - SERVICES D'APPOINT;Non trouvé / Non noté;Laverie
https://park4night.com/fr/place/37978;(29217) Le Conquet - 44 Lanfeust;48.3722, -4.7541;44 Lanfeust, 29217 Le Conquet,,  France;#37978 - PARKING JOUR ET NUIT;3.12/5;
https://park4night.com/fr/place/1193;(29217) Le Conquet - 18 Route de la Presqu'île Kermorvan;48.3654, -4.7662;18 Route de la Presqu'île Kermorvan, 29217 Le Conquet,,  France;#1193 - PARKING JOUR ET NUIT;4.06/5;Poubelle, Internet 3G/4G, Windsurf/kitesurf (Spots de), Pistes/balades de VTT, Départ de randonnées, Baignade possible
https://park4night.com/fr/place/215739;(29217) Le Conquet - 20 Chemin de la Maison Blanche;48.3649, -4.7677;20 Chemin de la Maison Blanche, 29217 Le Conquet,,  France;#215739 - PARKING JOUR ET NUIT;4.41/5;Windsurf/kitesurf (Spots de), Départ de randonnées, Baignade possible
https://park4night.com/fr/place/539837;(29217) Le Conquet - 16 Route de la Presqu'île Kermorvan;48.3656, -4.7678;16 Route de la Presqu'île Kermorvan, 29217 Le Conquet,,  France;#539837 - PARKING JOUR ET NUIT;4.5/5;Animaux autorisés, Départ de randonnées
https://park4night.com/fr/place/42738;(29217) Le Conquet - 44 Lanfeust;48.3740, -4.7550;44 Lanfeust, 29217 Le Conquet,,  France;#42738 - PARKING JOUR ET NUIT;3.68/5;
https://park4night.com/fr/place/6693;(29280) Locmaria-Plouzané - Rue de la Fontaine;48.3734, -4.6430;Rue de la Fontaine, 29280 Locmaria-Plouzané,,  France;#6693 - PARKING JOUR ET NUIT;3.73/5;Eaux usées, Boulangerie, Monuments à visiter
https://park4night.com/fr/place/518663;(29810) Ploumoguer - 1 Rue de Verdun;48.4032, -4.7226;1 Rue de Verdun, 29810 Ploumoguer,,  France;#518663 - SERVICES D'APPOINT;3/5;Poubelle, Toilettes, Pistes/balades de VTT
https://park4night.com/fr/place/287;(29810) Ploumoguer - 4-375 Rue du Stade;48.4045, -4.7237;4-375 Rue du Stade, 29810 Ploumoguer,,  France;#287 - AIRE CC STAT. GRATUIT;4.38/5;Animaux autorisés, Eau potable, Eaux noires, Eaux usées, Internet 3G/4G, Monuments à visiter, Pistes/balades de VTT, Départ de randonnées, Aire de jeux
https://park4night.com/fr/place/4845;(29280) Plouzané - 5386-5468 Route du Minou;48.3411, -4.6149;5386-5468 Route du Minou, 29280 Plouzané,,  France;#4845 - PARKING JOUR ET NUIT;3.83/5;Eau potable, Toilettes, Douches (accès possible), Monuments à visiter, Windsurf/kitesurf (Spots de), Départ de randonnées
https://park4night.com/fr/place/350941;(29280) Plouzané - Rue du Phare;48.3401, -4.6128;Rue du Phare, 29280 Plouzané,,  France;#350941 - PARKING JOUR ET NUIT;3/5;Animaux autorisés, Monuments à visiter, Départ de randonnées, Baignade possible, Point de vue
https://park4night.com/fr/place/203818;(29280) Plouzané - 4975 Route du Minou;48.3421, -4.6128;4975 Route du Minou, 29280 Plouzané,,  France;#203818 - PARKING JOUR ET NUIT;3.31/5;Monuments à visiter, Windsurf/kitesurf (Spots de), Départ de randonnées, Baignade possible, Point de vue
https://park4night.com/fr/place/5217;(29280) Plouzané - 2B Rue de Saint-Sane;48.3828, -4.6192;2B Rue de Saint-Sane, 29280 Plouzané,,  France;#5217 - PARKING JOUR ET NUIT;3.25/5;
https://park4night.com/fr/place/29295;(29810) Plouarzel - 4 Kerujean;48.4243, -4.7686;4 Kerujean, 29810 Plouarzel,,  France;#29295 - PARKING JOUR ET NUIT;3/5;Animaux autorisés, Poubelle, Toilettes, Monuments à visiter, Windsurf/kitesurf (Spots de), Pistes/balades de VTT, Départ de randonnées, Coins de pêche, Pêche à pied, Baignade possible, Belle balade à moto, Point de vue
https://park4night.com/fr/place/233517;(29810) Plouarzel - 15 Rue de la Libération;48.4315, -4.7283;15 Rue de la Libération, 29810 Plouarzel,,  France;#233517 - PARKING JOUR ET NUIT;4.2/5;Poubelle, Toilettes, Monuments à visiter, Pistes/balades de VTT, Départ de randonnées, Coins de pêche, Aire de jeux
https://park4night.com/fr/place/131686;(29810) Plouarzel - Rue de Saint-Renan;48.4328, -4.7169;Rue de Saint-Renan, 29810 Plouarzel,,  France;#131686 - PARKING JOUR ET NUIT;Non trouvé / Non noté;Dépannage en gaz
https://park4night.com/fr/place/3191;(29810) Plouarzel - Route de Ruscumunoc;48.4222, -4.7856;Route de Ruscumunoc, 29810 Plouarzel,,  France;#3191 - AIRE CC STAT. PAYANT;4.31/5;Animaux autorisés, Eau potable, Eaux noires, Eaux usées, Poubelle, Toilettes, Douches (accès possible), Boulangerie, Électricité (accès possible), Accès internet par WiFi, Monuments à visiter, Pistes/balades de VTT, Départ de randonnées, Coins de pêche, Baignade possible, Belle balade à moto, Point de vue, Aire de jeux
https://park4night.com/fr/place/594085;(29810) Plouarzel - 45 Ménez Crenn;48.4331, -4.7158;45 Ménez Crenn, 29810 Plouarzel,,  France;#594085 - SERVICES D'APPOINT;4/5;Laverie
https://park4night.com/fr/place/591116;(29280) Plouzané - 6 Rue de Kerallan;48.3712, -4.5865;6 Rue de Kerallan, 29280 Plouzané,,  France;#591116 - SERVICES D'APPOINT;5/5;Laverie
https://park4night.com/fr/place/89687;(29810) Camping de Porsévigné;48.4287, -4.7821;226A Impasse du Gweltoc'h, 29810 Plouarzel,,  France;#89687 - CAMPING;4.35/5;Animaux autorisés, Eau potable, Eaux noires, Poubelle, Toilettes, Douches (accès possible), Boulangerie, Électricité (accès possible), Accès internet par WiFi, Internet 3G/4G, Départ de randonnées, Pêche à pied, Baignade possible, Point de vue, Aire de jeux
https://park4night.com/fr/place/489770;(29570) Camaret-sur-Mer - 40 Rue Saint-Pol Roux;48.2743, -4.6087;40 Rue Saint-Pol Roux, 29570 Camaret-sur-Mer,,  France;#489770 - AIRE CC STAT. PAYANT;3.11/5;Animaux autorisés, Eau potable, Eaux noires, Eaux usées, Poubelle, Électricité (accès possible), Monuments à visiter, Pistes/balades de VTT, Départ de randonnées, Point de vue, Aire de jeux
https://park4night.com/fr/place/8912;(29570) Le Camping municipal du Lannic**;48.2763, -4.6058;11 Rue du Grouanoc'h, 29570 Camaret-sur-Mer,,  France;#8912 - CAMPING;3.83/5;Animaux autorisés, Eau potable, Eaux noires, Eaux usées, Poubelle, Toilettes, Douches (accès possible), Boulangerie, Électricité (accès possible), Accès internet par WiFi, Laverie, Départ de randonnées, Canoë/kayak (Base de), Pêche à pied, Baignade possible, Point de vue
https://park4night.com/fr/place/643386;(29570) Camaret-sur-Mer - Rue du Grouanoch;48.2770, -4.6048;Rue du Grouanoch, 29570 Camaret-sur-Mer,,  France;#643386 - SERVICES D'APPOINT;Non trouvé / Non noté;Douches (accès possible)
https://park4night.com/fr/place/579;(29280) Plouzané - Route du Dellec;48.3518, -4.5706;Route du Dellec, 29280 Plouzané,,  France;#579 - PARKING JOUR ET NUIT;3.25/5;
https://park4night.com/fr/place/581720;(29570) Camaret-sur-Mer - 5 Rue de l'Abri du Marin;48.2792, -4.5979;5 Rue de l'Abri du Marin, 29570 Camaret-sur-Mer,,  France;#581720 - SERVICES D'APPOINT;Non trouvé / Non noté;Laverie
https://park4night.com/fr/place/645620;(29570) Roscanvel - D 355;48.3100, -4.5701;D 355, 29570 Roscanvel,,  France;#645620 - PARKING JOUR ET NUIT;Non trouvé / Non noté;Monuments à visiter, Départ de randonnées, Pêche à pied, Baignade possible
https://park4night.com/fr/place/261039;(29810) Camping municipal de Porscuidic;48.4360, -4.7824;475 Rue des Mouettes, 29810 Plouarzel,,  France;#261039 - CAMPING;3.3/5;Animaux autorisés, Eau potable, Poubelle, Toilettes, Douches (accès possible), Électricité (accès possible), Laverie, Départ de randonnées, Baignade possible
https://park4night.com/fr/place/325892;(29570) Camaret-sur-Mer - 1 Rue du Loc'h;48.2741, -4.5960;1 Rue du Loc'h, 29570 Camaret-sur-Mer,,  France;#325892 - SERVICES D'APPOINT;2.5/5;Eau potable, Toilettes
https://park4night.com/fr/place/636859;(29570) Camaret-sur-Mer - Rue des Sardiniers;48.2747, -4.5950;Rue des Sardiniers, 29570 Camaret-sur-Mer,,  France;#636859 - SERVICES D'APPOINT;Non trouvé / Non noté;Laverie
https://park4night.com/fr/place/580919;(29280) Plouzané - 15 Rue Dumont d'Urville;48.3575, -4.5625;15 Rue Dumont d'Urville, 29280 Plouzané,,  France;#580919 - PARKING JOUR ET NUIT;3.67/5;Animaux autorisés, Poubelle, Internet 3G/4G, Départ de randonnées, Coins de pêche, Pêche à pied, Baignade possible, Point de vue
https://park4night.com/fr/place/17362;(29570) Camaret-sur-Mer - 930 Rue de la Gare;48.2736, -4.5950;930 Rue de la Gare, 29570 Camaret-sur-Mer,,  France;#17362 - PARKING JOUR ET NUIT;3.88/5;
https://park4night.com/fr/place/23633;(29280) Plouzané - Unnamed Road;48.4070, -4.5918;Unnamed Road, 29280 Plouzané,,  France;#23633 - PARKING JOUR ET NUIT;4.52/5;Eau potable, Monuments à visiter, Pistes/balades de VTT, Départ de randonnées, Coins de pêche
https://park4night.com/fr/place/142163;(29290) Saint-Renan - 10 Rue de Kerzouar;48.4270, -4.6168;10 Rue de Kerzouar, 29290 Saint-Renan,,  France;#142163 - PARKING JOUR ET NUIT;Non trouvé / Non noté;Poubelle
https://park4night.com/fr/place/155962;(29810) Lampaul-Plouarzel - 8 Rue de Brest;48.4478, -4.7593;8 Rue de Brest, 29810 Lampaul-Plouarzel,,  France;#155962 - PARKING JOUR ET NUIT;1/5;Poubelle, Boulangerie, Internet 3G/4G
https://park4night.com/fr/place/139088;(29570) Camping municipal de Kervian;48.3085, -4.5600;247A Route du Camping, 29570 Roscanvel,,  France;#139088 - CAMPING;4.11/5;Animaux autorisés, Eau potable, Poubelle, Toilettes, Douches (accès possible), Électricité (accès possible), Accès internet par WiFi, Laverie, Internet 3G/4G, Pistes/balades de VTT, Départ de randonnées, Pêche à pied, Baignade possible, Belle balade à moto, Point de vue
https://park4night.com/fr/place/405620;(29280) Plouzané - Rte de Trenen;48.3937, -4.5735;Rte de Trenen, 29280 Plouzané,,  France;#405620 - PARKING JOUR ET NUIT;Non trouvé / Non noté;
https://park4night.com/fr/place/602950;(29200) Brest - 4 Rue Jim Sévellec;48.3623, -4.5542;4 Rue Jim Sévellec, 29200 Brest,,  France;#602950 - PARKING JOUR ET NUIT;Non trouvé / Non noté;Poubelle, Toilettes, Départ de randonnées, Coins de pêche, Pêche à pied, Baignade possible, Point de vue
https://park4night.com/fr/place/61968;(29570) Camaret-sur-Mer - 7 Route de Crozon;48.2704, -4.5856;7 Route de Crozon, 29570 Camaret-sur-Mer,,  France;#61968 - PARKING JOUR ET NUIT;3.75/5;
https://park4night.com/fr/place/34918;(29290) CAMPING MUNICIPAL LOKOURNAN;48.4382, -4.6338;2 Route de l'Aber, 29290 Saint-Renan,,  France;#34918 - CAMPING;3.91/5;Animaux autorisés, Eau potable, Eaux noires, Eaux usées, Poubelle, Toilettes, Douches (accès possible), Électricité (accès possible), Pistes/balades de VTT, Départ de randonnées, Coins de pêche
https://park4night.com/fr/place/292;(29810) Lampaul-Plouarzel - Rue de Beg ar Vir;48.4474, -4.7766;Rue de Beg ar Vir, 29810 Lampaul-Plouarzel,,  France;#292 - AIRE CC STAT. PAYANT;3.68/5;Animaux autorisés, Eau potable, Eaux noires, Eaux usées, Poubelle, Toilettes, Douches (accès possible), Boulangerie, Électricité (accès possible), Accès internet par WiFi, Internet 3G/4G, Pistes/balades de VTT, Départ de randonnées, Coins de pêche, Pêche à pied, Baignade possible, Point de vue
https://park4night.com/fr/place/54685;(29290) Saint-Renan - 3 Allée du Chemin de Fer;48.4280, -4.6107;3 Allée du Chemin de Fer, 29290 Saint-Renan,,  France;#54685 - PARKING JOUR ET NUIT;3.71/5;
https://park4night.com/fr/place/623098;(29200) Brest - Route de Sainte-Anne du Portzic;48.3689, -4.5530;Route de Sainte-Anne du Portzic, 29200 Brest,,  France;#623098 - PARKING JOUR ET NUIT;5/5;Animaux autorisés, Internet 3G/4G, Départ de randonnées
https://park4night.com/fr/place/93338;(29290) Saint-Renan - 10 Rue du Pont de Bois;48.4318, -4.6163;10 Rue du Pont de Bois, 29290 Saint-Renan,,  France;#93338 - PARKING JOUR ET NUIT;2.91/5;Animaux autorisés, Poubelle, Toilettes, Accès internet par WiFi
https://park4night.com/fr/place/410547;(29290) Saint-Renan -;48.4346, -4.6219;, 29290 Saint-Renan,,  France;#410547 - SERVICES D'APPOINT;5/5;Station GPL
https://park4night.com/fr/place/394498;(29290) Aire de camping-car de Saint Renan;48.4386, -4.6306;, 29290 Saint-Renan,,  France;#394498 - AIRE CC STAT. PAYANT;3.32/5;Eau potable, Eaux noires, Eaux usées, Poubelle, Toilettes, Électricité (accès possible), Monuments à visiter, Pistes/balades de VTT, Départ de randonnées, Aire de jeux
https://park4night.com/fr/place/14684;(29160) Camping plage de Trez Rouz;48.2880, -4.5654;D355, 29160 Camaret,,  France;#14684 - CAMPING;4.03/5;Animaux autorisés, Eau potable, Eaux noires, Eaux usées, Poubelle, Toilettes, Douches (accès possible), Boulangerie, Électricité (accès possible), Piscine, Monuments à visiter, Départ de randonnées, Coins de pêche, Pêche à pied, Baignade possible, Belle balade à moto
https://park4night.com/fr/place/11080;(29570) Le Grand Large Lambézen;48.2806, -4.5652;Lambezen, 29570 Camaret-sur-Mer,,  France;#11080 - CAMPING;3.29/5;Animaux autorisés, Eau potable, Eaux noires, Eaux usées, Poubelle, Toilettes, Douches (accès possible), Boulangerie, Électricité (accès possible), Accès internet par WiFi, Piscine, Laverie, Pistes/balades de VTT, Départ de randonnées, Coins de pêche, Pêche à pied, Aire de jeux
https://park4night.com/fr/place/453297;(29810) Lampaul-Plouarzel - 75 Rue du Gouerou;48.4566, -4.7703;75 Rue du Gouerou, 29810 Lampaul-Plouarzel,,  France;#453297 - PARKING JOUR ET NUIT;3.25/5;Baignade possible, Point de vue
https://park4night.com/fr/place/11472;(29200) Camping du Goulet;48.3655, -4.5409;285 Chemin de Lanhouarnec, 29200 Brest,,  France;#11472 - CAMPING;4.07/5;Animaux autorisés, Eau potable, Eaux noires, Eaux usées, Poubelle, Toilettes, Douches (accès possible), Boulangerie, Électricité (accès possible), Accès internet par WiFi, Piscine, Laverie, Monuments à visiter, Pistes/balades de VTT, Départ de randonnées, Coins de pêche, Aire de jeux
https://park4night.com/fr/place/1791;(29570) Roscanvel - D355;48.3396, -4.5369;D355, 29570 Roscanvel,,  France;#1791 - PARKING JOUR ET NUIT;3.91/5;Toilettes, Internet 3G/4G, Monuments à visiter, Départ de randonnées, Baignade possible, Point de vue
https://park4night.com/fr/place/327946;(29200) Brest - 2155 Route de Sainte-Anne du Portzic;48.3606, -4.5337;2155 Route de Sainte-Anne du Portzic, 29200 Brest,,  France;#327946 - PARKING JOUR ET NUIT;2.14/5;Poubelle, Départ de randonnées, Point de vue
https://park4night.com/fr/place/208868;(29200) Brest - 2841-2925 Route de Sainte-Anne du Portzic;48.3640, -4.5303;2841-2925 Route de Sainte-Anne du Portzic, 29200 Brest,,  France;#208868 - PARKING JOUR ET NUIT;3.22/5;Animaux autorisés, Poubelle, Toilettes, Baignade possible, Point de vue
https://park4night.com/fr/place/43598;(29810) Lampaul-Plouarzel - 38-50 Rue de l'Aber;48.4670, -4.7580;38-50 Rue de l'Aber, 29810 Lampaul-Plouarzel,,  France;#43598 - PARKING JOUR ET NUIT;3/5;
https://park4night.com/fr/place/616399;(29810) Lampaul-Plouarzel - Rue de L'Aber;48.4680, -4.7578;Rue de L'Aber, 29810 Lampaul-Plouarzel,,  France;#616399 - SERVICES D'APPOINT;Non trouvé / Non noté;Eau potable, Toilettes
https://park4night.com/fr/place/152930;(29200) Brest -;48.3660, -4.5248;, 29200 Brest,,  France;#152930 - PARKING JOUR ET NUIT;3.45/5;Poubelle, Monuments à visiter
https://park4night.com/fr/place/262483;(29840) Lanildut - 6A Route de l'Aber Ildut;48.4716, -4.7449;6A Route de l'Aber Ildut, 29840 Lanildut,,  France;#262483 - PARKING JOUR ET NUIT;4.57/5;Départ de randonnées
https://park4night.com/fr/place/7059;(29840) Lanildut - 7 Route du Crapaud;48.4712, -4.7590;7 Route du Crapaud, 29840 Lanildut,,  France;#7059 - PARKING CC SANS SERVICES;3.79/5;Départ de randonnées, Coins de pêche, Pêche à pied
https://park4night.com/fr/place/320275;(29820) Guilers -;48.4153, -4.5532;, 29820 Guilers,,  France;#320275 - PARKING JOUR ET NUIT;4.2/5;Animaux autorisés, Poubelle, Toilettes, Monuments à visiter, Pistes/balades de VTT, Coins de pêche, Aire de jeux
https://park4night.com/fr/place/30453;(29840) Lanildut - Anse de Saint-Gildas;48.4751, -4.7503;Anse de Saint-Gildas, 29840 Lanildut,,  France;#30453 - PARKING JOUR ET NUIT;4.2/5;Poubelle, Accès internet par WiFi
https://park4night.com/fr/place/521805;(29820) Guilers - Unnamed Road;48.4100, -4.5433;Unnamed Road, 29820 Guilers,,  France;#521805 - PARKING JOUR ET NUIT;Non trouvé / Non noté;Départ de randonnées, Aire de jeux
https://park4night.com/fr/place/615574;(29160) Crozon - C 15;48.2662, -4.5442;C 15, 29160 Crozon,,  France;#615574 - PARKING JOUR ET NUIT;Non trouvé / Non noté;Pistes/balades de VTT
https://park4night.com/fr/place/335599;(29160) Camping Les Pieds Dans L'eau;48.2853, -4.5287;Pratmeur, 29160 Crozon,,  France;#335599 - CAMPING;4.16/5;Animaux autorisés, Eau potable, Eaux noires, Eaux usées, Poubelle, Toilettes, Douches (accès possible), Boulangerie, Électricité (accès possible), Accès internet par WiFi, Laverie, Internet 3G/4G, Monuments à visiter, Pistes/balades de VTT, Départ de randonnées, Canoë/kayak (Base de), Coins de pêche, Pêche à pied, Point de vue, Aire de jeux
https://park4night.com/fr/place/55023;(29810) Brélès - 1 Rue de Poul ar Ganol;48.4785, -4.7142;1 Rue de Poul ar Ganol, 29810 Brélès,,  France;#55023 - PARKING JOUR ET NUIT;3.73/5;Toilettes, Monuments à visiter, Départ de randonnées
https://park4night.com/fr/place/437378;(29160) Crozon - Hameau de Kernaou, lieu dit Kernaou;48.2710, -4.5385;Hameau de Kernaou, lieu dit Kernaou, 29160 Crozon,,  France;#437378 - AIRE CC PRIVÉE;4.76/5;Animaux autorisés, Eau potable, Électricité (accès possible), Pistes/balades de VTT, Départ de randonnées
https://park4night.com/fr/place/551405;(29200) Brest - 143 Route de la Corniche;48.3727, -4.5166;143 Route de la Corniche, 29200 Brest,,  France;#551405 - PARKING JOUR ET NUIT;1/5;Point de vue
https://park4night.com/fr/place/421651;(29820) Guilers - 13 Rue Saint-Valentin;48.4283, -4.5562;13 Rue Saint-Valentin, 29820 Guilers,,  France;#421651 - PARKING JOUR ET NUIT;Non trouvé / Non noté;
https://park4night.com/fr/place/518900;(29200) Brest - 140 Boulevard de Plymouth;48.3882, -4.5215;140 Boulevard de Plymouth, 29200 Brest,,  France;#518900 - PARKING JOUR ET NUIT;3/5;
https://park4night.com/fr/place/578890;(29200) Brest - 85 Chemin de Kerastel Montagne;48.3755, -4.5148;85 Chemin de Kerastel Montagne, 29200 Brest,,  France;#578890 - PARKING JOUR ET NUIT;Non trouvé / Non noté;Internet 3G/4G
https://park4night.com/fr/place/34401;(29840) Camping du Tromeur - Lanildut;48.4795, -4.7522;7 Route du Camping, 29840 Lanildut,,  France;#34401 - CAMPING;4.62/5;Animaux autorisés, Eau potable, Eaux noires, Eaux usées, Poubelle, Toilettes, Douches (accès possible), Boulangerie, Électricité (accès possible), Accès internet par WiFi, Laverie, Départ de randonnées, Aire de jeux
https://park4night.com/fr/place/566343;(29200) Brest -;48.3745, -4.5131;, 29200 Brest,,  France;#566343 - PARKING JOUR ET NUIT;Non trouvé / Non noté;Animaux autorisés, Internet 3G/4G
https://park4night.com/fr/place/307000;(29290) Lanrivoaré - 5 Résidence de la Source;48.4741, -4.6399;5 Résidence de la Source, 29290 Lanrivoaré,,  France;#307000 - PARKING JOUR ET NUIT;Non trouvé / Non noté;
https://park4night.com/fr/place/162312;(29820) Guilers - 7 Rue de la Rive;48.4107, -4.5267;7 Rue de la Rive, 29820 Guilers,,  France;#162312 - PARKING JOUR ET NUIT;1/5;
https://park4night.com/fr/place/497049;(29840) Porspoder - 34 Rue du Port;48.4852, -4.7704;34 Rue du Port, 29840 Porspoder,,  France;#497049 - PARKING JOUR ET NUIT;4/5;Départ de randonnées, Canoë/kayak (Base de), Coins de pêche, Pêche à pied, Baignade possible
https://park4night.com/fr/place/558675;(29200) Brest - 34 Rue Dupuy de Lomé;48.3906, -4.5090;34 Rue Dupuy de Lomé, 29200 Brest,,  France;#558675 - PARKING JOUR ET NUIT;Non trouvé / Non noté;Poubelle
https://park4night.com/fr/place/226795;(29820) Bohars - Allée des Jardins de Talarn;48.4106, -4.5216;Allée des Jardins de Talarn, 29820 Bohars,,  France;#226795 - PARKING JOUR ET NUIT;Non trouvé / Non noté;Poubelle
https://park4night.com/fr/place/584544;(29200) Brest - Rte de Kervallon;48.3943, -4.5100;Rte de Kervallon, 29200 Brest,,  France;#584544 - PARKING JOUR ET NUIT;Non trouvé / Non noté;Internet 3G/4G
https://park4night.com/fr/place/420;(29160) Crozon - 1-9 Rue du Moulin du Chat;48.2845, -4.5097;1-9 Rue du Moulin du Chat, 29160 Crozon,,  France;#420 - AIRE CC STAT. PAYANT;2.94/5;Animaux autorisés, Poubelle, Électricité (accès possible), Pistes/balades de VTT, Départ de randonnées, Coins de pêche, Point de vue
https://park4night.com/fr/place/308389;(29200) Brest - Parking Rpe des Capucins;48.3953, -4.5087;Parking Rpe des Capucins, 29200 Brest,,  France;#308389 - PARKING JOUR ET NUIT;3/5;Départ de randonnées
https://park4night.com/fr/place/367860;(29200) Brest - 33 Rue Saint-Exupéry;48.3869, -4.5035;33 Rue Saint-Exupéry, 29200 Brest,,  France;#367860 - PARKING JOUR ET NUIT;2.75/5;
https://park4night.com/fr/place/486304;(29160) Crozon - 37 D55A;48.2860, -4.5066;37 D55A, 29160 Crozon,,  France;#486304 - SERVICES D'APPOINT;3/5;Eau potable
https://park4night.com/fr/place/169084;(29200) Station Total;48.4105, -4.5154;Boulevard de l'Europe, 29200 Brest,,  France;#169084 - SERVICES D'APPOINT;Non trouvé / Non noté;Station GPL
https://park4night.com/fr/place/306519;(29200) Brest - 12 Rue Quartier Maître Bondon;48.3851, -4.4981;12 Rue Quartier Maître Bondon, 29200 Brest,,  France;#306519 - PARKING JOUR ET NUIT;1/5;Piscine
https://park4night.com/fr/place/429466;(29840) Porspoder - 36 Hent Mazou;48.4905, -4.7746;36 Hent Mazou, 29840 Porspoder,,  France;#429466 - ACCUEIL ENTRE PARTICULIERS;4.86/5;Animaux autorisés, Eau potable, Poubelle, Toilettes, Boulangerie, Électricité (accès possible), Monuments à visiter, Windsurf/kitesurf (Spots de), Pistes/balades de VTT, Départ de randonnées, Canoë/kayak (Base de), Coins de pêche, Pêche à pied, Baignade possible, Belle balade à moto, Point de vue, Aire de jeux
https://park4night.com/fr/place/482476;(29200) Brest - 4 Rue de Châtellier;48.4085, -4.5100;4 Rue de Châtellier, 29200 Brest,,  France;#482476 - PARKING JOUR ET NUIT;Non trouvé / Non noté;
https://park4night.com/fr/place/468757;(29200) Brest - 4 Cité Suffren;48.3928, -4.4983;4 Cité Suffren, 29200 Brest,,  France;#468757 - PARKING JOUR ET NUIT;3.8/5;Internet 3G/4G, Monuments à visiter
https://park4night.com/fr/place/451823;(29200) Brest - 9 Boulevard des Français Libres;48.3850, -4.4944;9 Boulevard des Français Libres, 29200 Brest,,  France;#451823 - SERVICES D'APPOINT;Non trouvé / Non noté;Toilettes
https://park4night.com/fr/place/54911;(29160) Gwel Kaer campsite - Le Fret;48.2817, -4.5014;38 Rue de Pen an Ero, 29160 Lanvéoc,,  France;#54911 - CAMPING;4.71/5;Animaux autorisés, Eau potable, Eaux noires, Poubelle, Toilettes, Douches (accès possible), Boulangerie, Électricité (accès possible), Laverie, Internet 3G/4G, Départ de randonnées, Canoë/kayak (Base de), Pêche à pied, Baignade possible, Point de vue
https://park4night.com/fr/place/603804;(29200) Brest - 185 Rue Robert Laot;48.4129, -4.5106;185 Rue Robert Laot, 29200 Brest,,  France;#603804 - ACCUEIL ENTRE PARTICULIERS;4.82/5;Animaux autorisés, Poubelle, Électricité (accès possible), Monuments à visiter, Pistes/balades de VTT, Belle balade à moto
https://park4night.com/fr/place/621997;(29200) Brest - Cours Dajot;48.3828, -4.4896;Cours Dajot, 29200 Brest,,  France;#621997 - SERVICES D'APPOINT;Non trouvé / Non noté;Eau potable, Monuments à visiter, Point de vue, Aire de jeux
https://park4night.com/fr/place/28697;(29200) Brest - Rampe d'Accès au Port;48.3822, -4.4893;Rampe d'Accès au Port, 29200 Brest,,  France;#28697 - PARKING JOUR ET NUIT;3.24/5;Toilettes, Monuments à visiter
https://park4night.com/fr/place/380812;(29200) Brest - 22 Rue de Denver;48.3838, -4.4872;22 Rue de Denver, 29200 Brest,,  France;#380812 - PARKING JOUR ET NUIT;4.47/5;
https://park4night.com/fr/place/166105;(29820) Bohars - 21 Rue Prosper Salaün;48.4285, -4.5163;21 Rue Prosper Salaün, 29820 Bohars,,  France;#166105 - PARKING JOUR ET NUIT;4/5;Poubelle, Boulangerie, Internet 3G/4G
